{"actual_diff":0,"maxiters":1000,"timings":[1.734068391,1.330931545,1.422206324,1.306843541,1.400977943],"P":5,"N":1200,"matrix_id":3,"stopdiff":1.0e-20,"min_timings":1.306843541,"actual_iters":1000}