{"actual_diff":0,"maxiters":1000,"timings":[4.481274108,4.448355489,4.434577429,4.436920205,4.434194164],"P":1,"N":1200,"matrix_id":3,"stopdiff":1.0e-20,"min_timings":4.434194164,"actual_iters":1000}