{"actual_diff":0,"maxiters":1000,"timings":[1.892478279,1.496399529,1.505871273,1.509454376,1.58120435],"P":4,"N":1200,"matrix_id":3,"stopdiff":1.0e-20,"min_timings":1.496399529,"actual_iters":1000}