{"actual_diff":0,"maxiters":1000,"timings":[1.556596997,1.091180442,1.1241721,1.200709662,1.21293433],"P":8,"N":1200,"matrix_id":3,"stopdiff":1.0e-20,"min_timings":1.091180442,"actual_iters":1000}