{"actual_diff":0,"maxiters":1000,"timings":[4.522019194,4.476056569,4.439590254,4.473409448,4.49834462],"P":1,"N":1200,"matrix_id":3,"stopdiff":1.0e-20,"min_timings":4.439590254,"actual_iters":1000}