{"actual_diff":0,"maxiters":1000,"timings":[3.017415962,2.622066212,2.81251888,2.621493276,2.763590519],"P":2,"N":1200,"matrix_id":3,"stopdiff":1.0e-20,"min_timings":2.621493276,"actual_iters":1000}