{"actual_diff":0,"maxiters":1000,"timings":[3.314838793,2.676667413,2.72275484,2.858470076,2.7825557],"P":2,"N":1200,"matrix_id":3,"stopdiff":1.0e-20,"min_timings":2.676667413,"actual_iters":1000}