{"actual_diff":0,"maxiters":1000,"timings":[2.113062372,1.443763399,1.61846818,1.493087546,1.578830992],"P":4,"N":1200,"matrix_id":3,"stopdiff":1.0e-20,"min_timings":1.443763399,"actual_iters":1000}