{"actual_diff":0,"maxiters":1000,"timings":[1.781813236,1.043353124,1.170931521,1.076789884,1.085323172],"P":8,"N":1200,"matrix_id":3,"stopdiff":1.0e-20,"min_timings":1.043353124,"actual_iters":1000}