{"actual_diff":0,"maxiters":1000,"timings":[22.042585781,20.530514888,20.482578469,20.480988291,20.483164553],"P":1,"N":2400,"matrix_id":3,"stopdiff":1.0e-20,"min_timings":20.480988291,"actual_iters":1000}