{"actual_diff":0,"maxiters":1000,"timings":[5.225275294,3.928061684,4.03314657,3.938059472,4.122786935],"P":8,"N":2400,"matrix_id":3,"stopdiff":1.0e-20,"min_timings":3.928061684,"actual_iters":1000}