{"actual_diff":0,"maxiters":1000,"timings":[22.19571397,20.548094878,20.600058917,20.689411255,20.423710186],"P":1,"N":2400,"matrix_id":3,"stopdiff":1.0e-20,"min_timings":20.423710186,"actual_iters":1000}