{"actual_diff":0,"maxiters":1000,"timings":[13.609573631,12.566280892,12.43313872,12.356639811,12.445098341],"P":2,"N":2400,"matrix_id":3,"stopdiff":1.0e-20,"min_timings":12.356639811,"actual_iters":1000}