{"actual_diff":0,"maxiters":1000,"timings":[5.503826649,3.962749231,3.870993023,4.067324077,4.016770261],"P":8,"N":2400,"matrix_id":3,"stopdiff":1.0e-20,"min_timings":3.870993023,"actual_iters":1000}