{"actual_diff":0,"maxiters":1000,"timings":[6.912268008,5.593404427,5.6966506,5.689106282,5.589259574],"P":5,"N":2400,"matrix_id":3,"stopdiff":1.0e-20,"min_timings":5.589259574,"actual_iters":1000}