{"actual_diff":0,"maxiters":1000,"timings":[13.875946924,12.60619807,12.133310831,11.961436582,12.048687881],"P":2,"N":2400,"matrix_id":3,"stopdiff":1.0e-20,"min_timings":11.961436582,"actual_iters":1000}