{"actual_diff":0,"maxiters":1000,"timings":[7.08193102,5.490548158,5.46171505,5.617751797,5.517130044],"P":5,"N":2400,"matrix_id":3,"stopdiff":1.0e-20,"min_timings":5.46171505,"actual_iters":1000}