{"actual_diff":0,"maxiters":1000,"timings":[62.299895832,64.082766952,59.3608426,56.951643999,57.018106885],"P":1,"N":4000,"matrix_id":3,"stopdiff":1.0e-20,"min_timings":56.951643999,"actual_iters":1000}