{"actual_diff":0,"maxiters":1000,"timings":[17.834158453,18.569940887,17.561448231,15.442037613,15.559243564],"P":5,"N":4000,"matrix_id":3,"stopdiff":1.0e-20,"min_timings":15.442037613,"actual_iters":1000}