{"actual_diff":0,"maxiters":1000,"timings":[17.69035121,18.773212519,17.809182583,15.495299173,15.548782571],"P":5,"N":4000,"matrix_id":3,"stopdiff":1.0e-20,"min_timings":15.495299173,"actual_iters":1000}