{"actual_diff":0,"maxiters":1000,"timings":[20.318272523,21.336714967,18.738759358,17.816745626,17.888539313],"P":4,"N":4000,"matrix_id":3,"stopdiff":1.0e-20,"min_timings":17.816745626,"actual_iters":1000}