{"actual_diff":0,"maxiters":1000,"timings":[36.367965375,36.650642288,34.01562723,33.065683955,33.109068529],"P":2,"N":4000,"matrix_id":3,"stopdiff":1.0e-20,"min_timings":33.065683955,"actual_iters":1000}