{"actual_diff":0,"maxiters":1000,"timings":[14.371049671,14.273121075,12.706877069,11.788339218,11.805571916],"P":8,"N":4000,"matrix_id":3,"stopdiff":1.0e-20,"min_timings":11.788339218,"actual_iters":1000}