{"actual_diff":0,"maxiters":1000,"timings":[14.358540055,13.856836147,12.694116161,11.574291862,11.699320318],"P":8,"N":4000,"matrix_id":3,"stopdiff":1.0e-20,"min_timings":11.574291862,"actual_iters":1000}