{"actual_diff":0,"maxiters":1000,"timings":[62.997579442,63.925672921,59.086444907,57.068697332,57.03726756],"P":1,"N":4000,"matrix_id":3,"stopdiff":1.0e-20,"min_timings":57.03726756,"actual_iters":1000}