{"actual_diff":0,"maxiters":1000,"timings":[19.973248073,21.527650913,18.489869538,17.423866928,17.335873825],"P":4,"N":4000,"matrix_id":3,"stopdiff":1.0e-20,"min_timings":17.335873825,"actual_iters":1000}