{"actual_diff":0,"maxiters":1000,"timings":[1.126085386,0.624958889,0.572160954,0.421594334,0.449842513],"P":4,"N":600,"matrix_id":3,"stopdiff":1.0e-20,"min_timings":0.421594334,"actual_iters":1000}
