{"actual_diff":0,"maxiters":1000,"timings":[1.282266208,0.658717483,0.705435971,0.662288779,0.79147198],"P":2,"N":600,"matrix_id":3,"stopdiff":1.0e-20,"min_timings":0.658717483,"actual_iters":1000}