{"actual_diff":0,"maxiters":1000,"timings":[1.074178239,0.431454433,0.46358487,0.438823059,0.444974056],"P":4,"N":600,"matrix_id":3,"stopdiff":1.0e-20,"min_timings":0.431454433,"actual_iters":1000}