{"actual_diff":0,"maxiters":1000,"timings":[1.085111896,0.333326329,0.333090104,0.380464184,0.340305762],"P":8,"N":600,"matrix_id":3,"stopdiff":1.0e-20,"min_timings":0.333090104,"actual_iters":1000}