{"actual_diff":0,"maxiters":1000,"timings":[0.779214752,0.336681808,0.367503566,0.339818798,0.339212321],"P":8,"N":600,"matrix_id":3,"stopdiff":1.0e-20,"min_timings":0.336681808,"actual_iters":1000}