{"actual_diff":0,"maxiters":1000,"timings":[1.101425679,0.764996046,0.689780834,0.700616866,0.750214029],"P":2,"N":600,"matrix_id":3,"stopdiff":1.0e-20,"min_timings":0.689780834,"actual_iters":1000}